-- phpMyAdmin SQL Dump
-- version 5.2.1
-- https://www.phpmyadmin.net/
--
-- Host: 127.0.0.1
-- Generation Time: Mar 17, 2026 at 12:19 PM
-- Server version: 10.4.32-MariaDB
-- PHP Version: 8.2.12

SET SQL_MODE = "NO_AUTO_VALUE_ON_ZERO";
START TRANSACTION;
SET time_zone = "+00:00";


/*!40101 SET @OLD_CHARACTER_SET_CLIENT=@@CHARACTER_SET_CLIENT */;
/*!40101 SET @OLD_CHARACTER_SET_RESULTS=@@CHARACTER_SET_RESULTS */;
/*!40101 SET @OLD_COLLATION_CONNECTION=@@COLLATION_CONNECTION */;
/*!40101 SET NAMES utf8mb4 */;

--
-- Database: `hr`
--

DELIMITER $$
--
-- Procedures
--
CREATE DEFINER=`root`@`localhost` PROCEDURE `getCountLoc` (INOUT `us_uk` VARCHAR(255), IN `country` VARCHAR(255))   SELECT COUNT(*) INTO us_uk
FROM locations
WHERE country_id=country$$

CREATE DEFINER=`root`@`localhost` PROCEDURE `getemp` ()   SELECT first_name FROM employees$$

CREATE DEFINER=`root`@`localhost` PROCEDURE `getsalary` (IN `JOB_DATA` VARCHAR(255))   SELECT * FROM employees
WHERE job_id=JOB_DATA$$

CREATE DEFINER=`root`@`localhost` PROCEDURE `getsalarystatus` (IN `EMP_ID` INT, INOUT `SALARYSTATUS` VARCHAR(100))   BEGIN
DECLARE emp_salary DOUBLE;
DECLARE emp_job_id VARCHAR(10);
DECLARE jobs_max_salary DOUBLE;
DECLARE jobs_min_salary DOUBLE;

SELECT salary, job_id INTO EMP_SALARY, EMP_JOB_ID FROM employees WHERE employee_id = EMP_ID;
SELECT min_salary, max_salary INTO JOBS_MIN_SALARY, JOBS_MAX_SALARY FROM jobs WHERE job_id =EMP_JOB_ID;

IF emp_salary < jobs_min_salary THEN
	SET SALARYSTATUS = "below minimum";
ELSEIF emp_salary > jobs_min_salary AND emp_salary < jobs_max_salary THEN
	SET SALARYSTATUS = "within range";
ELSEIF emp_salary > jobs_max_salary THEN
	SET SALARYSTATUS = "above maximum salary";
ELSE SET SALARYSTATUS = "Invalid salary";
END IF;

END$$

CREATE DEFINER=`root`@`localhost` PROCEDURE `getsalarytotal` (IN `JOB_DATA` VARCHAR(255), OUT `TOTAL` DOUBLE)   SELECT SUM(salary) INTO TOTAL
FROM employees
WHERE job_id=JOB_DATA$$

CREATE DEFINER=`root`@`localhost` PROCEDURE `updatesalary` (INOUT `NEWSALARY` INT)   SET NEWSALARY = NEWSALARY + 999$$

DELIMITER ;

-- --------------------------------------------------------

--
-- Table structure for table `activitylog`
--

CREATE TABLE `activitylog` (
  `id` int(11) NOT NULL,
  `description` text NOT NULL,
  `date_created` date NOT NULL,
  `event` text NOT NULL
) ENGINE=InnoDB DEFAULT CHARSET=utf8mb4 COLLATE=utf8mb4_general_ci;

--
-- Dumping data for table `activitylog`
--

INSERT INTO `activitylog` (`id`, `description`, `date_created`, `event`) VALUES
(19, 'Lelo created a new account. ', '2026-03-17', 'INSERT'),
(20, 'Lelo Updated the name to Lelouch', '2026-03-17', 'UPDATE'),
(21, 'Lelouch Updated the email from Lelo@gmail.com to Lelouch@gmail.com', '2026-03-17', 'UPDATE'),
(22, 'Lelouch Updated the password from lel to lol', '2026-03-17', 'UPDATE');

-- --------------------------------------------------------

--
-- Table structure for table `countries`
--

CREATE TABLE `countries` (
  `country_id` char(2) NOT NULL,
  `country_name` varchar(40) DEFAULT NULL,
  `region_id` int(11) UNSIGNED NOT NULL
) ENGINE=InnoDB DEFAULT CHARSET=utf8mb4 COLLATE=utf8mb4_general_ci;

--
-- Dumping data for table `countries`
--

INSERT INTO `countries` (`country_id`, `country_name`, `region_id`) VALUES
('AR', 'Argentina', 2),
('AU', 'Australia', 3),
('BE', 'Belgium', 1),
('BR', 'Brazil', 2),
('CA', 'Canada', 2),
('CH', 'Switzerland', 1),
('CN', 'China', 3),
('DE', 'Germany', 1),
('DK', 'Denmark', 1),
('EG', 'Egypt', 4),
('FR', 'France', 1),
('HK', 'HongKong', 3),
('IL', 'Israel', 4),
('IN', 'India', 3),
('IT', 'Italy', 1),
('JP', 'Japan', 3),
('KW', 'Kuwait', 4),
('MX', 'Mexico', 2),
('NG', 'Nigeria', 4),
('NL', 'Netherlands', 1),
('SG', 'Singapore', 3),
('UK', 'United Kingdom', 1),
('US', 'United States of America', 2),
('ZM', 'Zambia', 4),
('ZW', 'Zimbabwe', 4);

-- --------------------------------------------------------

--
-- Table structure for table `departments`
--

CREATE TABLE `departments` (
  `department_id` int(11) UNSIGNED NOT NULL,
  `department_name` varchar(30) NOT NULL,
  `manager_id` int(11) UNSIGNED DEFAULT NULL,
  `location_id` int(11) UNSIGNED DEFAULT NULL
) ENGINE=InnoDB DEFAULT CHARSET=utf8mb4 COLLATE=utf8mb4_general_ci;

--
-- Dumping data for table `departments`
--

INSERT INTO `departments` (`department_id`, `department_name`, `manager_id`, `location_id`) VALUES
(10, 'Administration', 200, 1700),
(20, 'Marketing', 201, 1800),
(30, 'Purchasing', 114, 1700),
(40, 'Human Resources', 203, 2400),
(50, 'Shipping', 121, 1500),
(60, 'IT', 103, 1400),
(70, 'Public Relations', 204, 2700),
(80, 'Sales', 145, 2500),
(90, 'Executive', 100, 1700),
(100, 'Finance', 108, 1700),
(110, 'Accounting', 205, 1700),
(120, 'Treasury', NULL, 1700),
(130, 'Corporate Tax', NULL, 1700),
(140, 'Control And Credit', NULL, 1700),
(150, 'Shareholder Services', NULL, 1700),
(160, 'Benefits', NULL, 1700),
(170, 'Manufacturing', NULL, 1700),
(180, 'Construction', NULL, 1700),
(190, 'Contracting', NULL, 1700),
(200, 'Operations', NULL, 1700),
(210, 'IT Support', NULL, 1700),
(220, 'NOC', NULL, 1700),
(230, 'IT Helpdesk', NULL, 1700),
(240, 'Government Sales', NULL, 1700),
(250, 'Retail Sales', NULL, 1700),
(260, 'Recruiting', NULL, 1700),
(270, 'Payroll', NULL, 1700);

-- --------------------------------------------------------

--
-- Table structure for table `employees`
--

CREATE TABLE `employees` (
  `employee_id` int(11) UNSIGNED NOT NULL,
  `first_name` varchar(20) DEFAULT NULL,
  `last_name` varchar(25) NOT NULL,
  `email` text DEFAULT NULL,
  `password` varchar(25) NOT NULL,
  `phone_number` varchar(20) DEFAULT NULL,
  `hire_date` date NOT NULL,
  `job_id` varchar(10) NOT NULL,
  `salary` double NOT NULL,
  `commission_pct` decimal(2,2) DEFAULT NULL,
  `manager_id` int(11) UNSIGNED DEFAULT NULL,
  `department_id` int(11) UNSIGNED DEFAULT NULL
) ENGINE=InnoDB DEFAULT CHARSET=utf8mb4 COLLATE=utf8mb4_general_ci;

--
-- Dumping data for table `employees`
--

INSERT INTO `employees` (`employee_id`, `first_name`, `last_name`, `email`, `password`, `phone_number`, `hire_date`, `job_id`, `salary`, `commission_pct`, `manager_id`, `department_id`) VALUES
(100, 'Steven', 'King', 'S.King@email.com', 'SKING', '515.123.4567', '1987-06-17', 'AD_PRES', 24000, NULL, NULL, 90),
(101, 'Neena', 'Kochhar', 'N.Kochhar@email.com', 'NKOCHHAR', '515.123.4568', '1989-09-21', 'AD_VP', 16000, NULL, 100, 90),
(102, 'Lex', 'De Haan', 'L.De Haan@email.com', 'LDEHAAN', '515.123.4569', '1993-01-13', 'AD_VP', 17000, NULL, 100, 90),
(103, 'Alexander', 'Hunold', 'A.Hunold@email.com', 'AHUNOLD', '590.423.4567', '1990-01-03', 'IT_PROG', 9000, NULL, 102, 60),
(104, 'Bruce', 'Ernst', 'B.Ernst@email.com', 'BERNST', '590.423.4568', '1991-05-21', 'IT_PROG', 6000, NULL, 103, 60),
(105, 'David', 'Austin', 'D.Austin@email.com', 'DAUSTIN', '590.423.4569', '1997-06-25', 'IT_PROG', 4800, NULL, 103, 60),
(106, 'Valli', 'Pataballa', 'V.Pataballa@email.com', 'VPATABAL', '590.423.4560', '1998-02-05', 'IT_PROG', 4800, NULL, 103, 60),
(107, 'Diana', 'Lorentz', 'D.Lorentz@email.com', 'DLORENTZ', '590.423.5567', '1999-02-07', 'IT_PROG', 4200, NULL, 103, 60),
(108, 'Nancy', 'Greenberg', 'N.Greenberg@email.com', 'NGREENBE', '515.124.4569', '1994-08-17', 'FI_MGR', 12000, NULL, 101, 100),
(109, 'Daniel', 'Faviet', 'D.Faviet@email.com', 'DFAVIET', '515.124.4169', '1994-08-16', 'FI_ACCOUNT', 9000, NULL, 108, 100),
(110, 'John', 'Chen', 'J.Chen@email.com', 'JCHEN', '515.124.4269', '1997-09-28', 'FI_ACCOUNT', 8200, NULL, 108, 100),
(111, 'Ismael', 'Sciarra', 'I.Sciarra@email.com', 'ISCIARRA', '515.124.4369', '1997-09-30', 'FI_ACCOUNT', 7700, NULL, 108, 100),
(112, 'Jose Manuel', 'Urman', 'J.Urman@email.com', 'JMURMAN', '515.124.4469', '1998-03-07', 'FI_ACCOUNT', 7800, NULL, 108, 100),
(113, 'Luis', 'Popp', 'L.Popp@email.com', 'LPOPP', '515.124.4567', '1999-12-07', 'FI_ACCOUNT', 6900, NULL, 108, 100),
(114, 'Den', 'Raphaely', 'D.Raphaely@email.com', 'DRAPHEAL', '515.127.4561', '1994-12-07', 'PU_MAN', 11000, NULL, 100, 30),
(115, 'Alexander', 'Khoo', 'A.Khoo@email.com', 'AKHOO', '515.127.4562', '1995-05-18', 'PU_CLERK', 3100, NULL, 114, 30),
(116, 'Shelli', 'Baida', 'S.Baida@email.com', 'SBAIDA', '515.127.4563', '1997-12-24', 'PU_CLERK', 2900, NULL, 114, 30),
(117, 'Sigal', 'Tobias', 'S.Tobias@email.com', 'STOBIAS', '515.127.4564', '1997-07-24', 'PU_CLERK', 2800, NULL, 114, 30),
(118, 'Guy', 'Himuro', 'G.Himuro@email.com', 'GHIMURO', '515.127.4565', '1998-11-15', 'PU_CLERK', 2600, NULL, 114, 30),
(119, 'Karen', 'Colmenares', 'K.Colmenares@email.com', 'KCOLMENA', '515.127.4566', '1999-08-10', 'PU_CLERK', 2500, NULL, 114, 30),
(120, 'Matthew', 'Weiss', 'M.Weiss@email.com', 'MWEISS', '650.123.1234', '1996-07-18', 'ST_MAN', 8000, NULL, 100, 50),
(121, 'Adam', 'Fripp', 'A.Fripp@email.com', 'AFRIPP', '650.123.2234', '1997-04-10', 'ST_MAN', 8200, NULL, 100, 50),
(122, 'Payam', 'Kaufling', 'P.Kaufling@email.com', 'PKAUFLIN', '650.123.3234', '1995-05-01', 'ST_MAN', 7900, NULL, 100, 50),
(123, 'Shanta', 'Vollman', 'S.Vollman@email.com', 'SVOLLMAN', '650.123.4234', '1997-10-10', 'ST_MAN', 6500, NULL, 100, 50),
(124, 'Kevin', 'Mourgos', 'K.Mourgos@email.com', 'KMOURGOS', '650.123.5234', '1999-11-16', 'ST_MAN', 5800, NULL, 100, 50),
(125, 'Julia', 'Nayer', 'J.Nayer@email.com', 'JNAYER', '650.124.1214', '1997-07-16', 'ST_CLERK', 3200, NULL, 120, 50),
(126, 'Irene', 'Mikkilineni', 'I.Mikkilineni@email.com', 'IMIKKILI', '650.124.1224', '1998-09-28', 'ST_CLERK', 2700, NULL, 120, 50),
(127, 'James', 'Landry', 'J.Landry@email.com', 'JLANDRY', '650.124.1334', '1999-01-14', 'ST_CLERK', 2400, NULL, 120, 50),
(128, 'Steven', 'Markle', 'S.Markle@email.com', 'SMARKLE', '650.124.1434', '2000-03-08', 'ST_CLERK', 2200, NULL, 120, 50),
(129, 'Laura', 'Bissot', 'L.Bissot@email.com', 'LBISSOT', '650.124.5234', '1997-08-20', 'ST_CLERK', 3300, NULL, 121, 50),
(130, 'Mozhe', 'Atkinson', 'M.Atkinson@email.com', 'MATKINSO', '650.124.6234', '1997-10-30', 'ST_CLERK', 2800, NULL, 121, 50),
(131, 'James', 'Marlow', 'J.Marlow@email.com', 'JAMRLOW', '650.124.7234', '1997-02-16', 'ST_CLERK', 2500, NULL, 121, 50),
(132, 'TJ', 'Olson', 'T.Olson@email.com', 'TJOLSON', '650.124.8234', '1999-04-10', 'ST_CLERK', 2100, NULL, 121, 50),
(133, 'Jason', 'Mallin', 'J.Mallin@email.com', 'JMALLIN', '650.127.1934', '1996-06-14', 'ST_CLERK', 3300, NULL, 122, 50),
(134, 'Michael', 'Rogers', 'M.Rogers@email.com', 'MROGERS', '650.127.1834', '1998-08-26', 'ST_CLERK', 2900, NULL, 122, 50),
(135, 'Ki', 'Gee', 'K.Gee@email.com', 'KGEE', '650.127.1734', '1999-12-12', 'ST_CLERK', 2400, NULL, 122, 50),
(136, 'Hazel', 'Philtanker', 'H.Philtanker@email.com', 'HPHILTAN', '650.127.1634', '2000-02-06', 'ST_CLERK', 2200, NULL, 122, 50),
(137, 'Renske', 'Ladwig', 'R.Ladwig@email.com', 'RLADWIG', '650.121.1234', '1995-07-14', 'ST_CLERK', 3600, NULL, 123, 50),
(138, 'Stephen', 'Stiles', 'S.Stiles@email.com', 'SSTILES', '650.121.2034', '1997-10-26', 'ST_CLERK', 3200, NULL, 123, 50),
(139, 'John', 'Seo', 'J.Seo@email.com', 'JSEO', '650.121.2019', '1998-02-12', 'ST_CLERK', 2700, NULL, 123, 50),
(140, 'Joshua', 'Patel', 'J.Patel@email.com', 'JPATEL', '650.121.1834', '1998-04-06', 'ST_CLERK', 2500, NULL, 123, 50),
(141, 'Trenna', 'Rajs', 'T.Rajs@email.com', 'TRAJS', '650.121.8009', '1995-10-17', 'ST_CLERK', 3500, NULL, 124, 50),
(142, 'Curtis', 'Davies', 'C.Davies@email.com', 'CDAVIES', '650.121.2994', '1997-01-29', 'ST_CLERK', 3100, NULL, 124, 50),
(143, 'Randall', 'Matos', 'R.Matos@email.com', 'RMATOS', '650.121.2874', '1998-03-15', 'ST_CLERK', 2600, NULL, 124, 50),
(144, 'Peter', 'Vargas', 'P.Vargas@email.com', 'PVARGAS', '650.121.2004', '1998-07-09', 'ST_CLERK', 2500, NULL, 124, 50),
(145, 'John', 'Russell', 'J.Russell@email.com', 'JRUSSEL', '011.44.1344.429268', '1996-10-01', 'SA_MAN', 14000, 0.40, 100, 80),
(146, 'Karen', 'Partners', 'K.Partners@email.com', 'KPARTNER', '011.44.1344.467268', '1997-01-05', 'SA_MAN', 13500, 0.30, 100, 80),
(147, 'Alberto', 'Errazuriz', 'A.Errazuriz@email.com', 'AERRAZUR', '011.44.1344.429278', '1997-03-10', 'SA_MAN', 12000, 0.30, 100, 80),
(148, 'Gerald', 'Cambrault', 'G.Cambrault@email.com', 'GCAMBRAU', '011.44.1344.619268', '1999-10-15', 'SA_MAN', 11000, 0.30, 100, 80),
(149, 'Eleni', 'Zlotkey', 'E.Zlotkey@email.com', 'EZLOTKEY', '011.44.1344.429018', '2000-01-29', 'SA_MAN', 10500, 0.20, 100, 80),
(150, 'Peter', 'Tucker', 'P.Tucker@email.com', 'PTUCKER', '011.44.1344.129268', '1997-01-30', 'SA_REP', 10000, 0.30, 145, 80),
(151, 'David', 'Bernstein', 'D.Bernstein@email.com', 'DBERNSTE', '011.44.1344.345268', '1997-03-24', 'SA_REP', 9500, 0.25, 145, 80),
(152, 'Peter', 'Hall', 'P.Hall@email.com', 'PHALL', '011.44.1344.478968', '1997-08-20', 'SA_REP', 9000, 0.25, 145, 80),
(153, 'Christopher', 'Olsen', 'C.Olsen@email.com', 'COLSEN', '011.44.1344.498718', '1998-03-30', 'SA_REP', 8000, 0.20, 145, 80),
(154, 'Nanette', 'Cambrault', 'N.Cambrault@email.com', 'NCAMBRAU', '011.44.1344.987668', '1998-12-09', 'SA_REP', 7500, 0.20, 145, 80),
(155, 'Oliver', 'Tuvault', 'O.Tuvault@email.com', 'OTUVAULT', '011.44.1344.486508', '1999-11-23', 'SA_REP', 7000, 0.15, 145, 80),
(156, 'Janette', 'King', 'J.King@email.com', 'JKING', '011.44.1345.429268', '1996-01-30', 'SA_REP', 10000, 0.35, 146, 80),
(157, 'Patrick', 'Sully', 'P.Sully@email.com', 'PSULLY', '011.44.1345.929268', '1996-03-04', 'SA_REP', 9500, 0.35, 146, 80),
(158, 'Allan', 'McEwen', 'A.McEwen@email.com', 'AMCEWEN', '011.44.1345.829268', '1996-08-01', 'SA_REP', 9000, 0.35, 146, 80),
(159, 'Lindsey', 'Smith', 'L.Smith@email.com', 'LSMITH', '011.44.1345.729268', '1997-03-10', 'SA_REP', 8000, 0.30, 146, 80),
(160, 'Louise', 'Doran', 'L.Doran@email.com', 'LDORAN', '011.44.1345.629268', '1997-12-15', 'SA_REP', 7500, 0.30, 146, 80),
(161, 'Sarath', 'Sewall', 'S.Sewall@email.com', 'SSEWALL', '011.44.1345.529268', '1998-11-03', 'SA_REP', 7000, 0.25, 146, 80),
(162, 'Clara', 'Vishney', 'C.Vishney@email.com', 'CVISHNEY', '011.44.1346.129268', '1997-11-11', 'SA_REP', 10500, 0.25, 147, 80),
(163, 'Danielle', 'Greene', 'D.Greene@email.com', 'DGREENE', '011.44.1346.229268', '1999-03-19', 'SA_REP', 9500, 0.15, 147, 80),
(164, 'Mattea', 'Marvins', 'M.Marvins@email.com', 'MMARVINS', '011.44.1346.329268', '2000-01-24', 'SA_REP', 7200, 0.10, 147, 80),
(165, 'David', 'Lee', 'D.Lee@email.com', 'DLEE', '011.44.1346.529268', '2000-02-23', 'SA_REP', 6800, 0.10, 147, 80),
(166, 'Sundar', 'Ande', 'S.Ande@email.com', 'SANDE', '011.44.1346.629268', '2000-03-24', 'SA_REP', 6400, 0.10, 147, 80),
(167, 'Amit', 'Banda', 'A.Banda@email.com', 'ABANDA', '011.44.1346.729268', '2000-04-21', 'SA_REP', 6200, 0.10, 147, 80),
(168, 'Lisa', 'Ozer', 'L.Ozer@email.com', 'LOZER', '011.44.1343.929268', '1997-03-11', 'SA_REP', 11500, 0.25, 148, 80),
(169, 'Harrison', 'Bloom', 'H.Bloom@email.com', 'HBLOOM', '011.44.1343.829268', '1998-03-23', 'SA_REP', 10000, 0.20, 148, 80),
(170, 'Tayler', 'Fox', 'T.Fox@email.com', 'TFOX', '011.44.1343.729268', '1998-01-24', 'SA_REP', 9600, 0.20, 148, 80),
(171, 'William', 'Smith', 'W.Smith@email.com', 'WSMITH', '011.44.1343.629268', '1999-02-23', 'SA_REP', 7400, 0.15, 148, 80),
(172, 'Elizabeth', 'Bates', 'E.Bates@email.com', 'EBATES', '011.44.1343.529268', '1999-03-24', 'SA_REP', 7300, 0.15, 148, 80),
(173, 'Sundita', 'Kumar', 'S.Kumar@email.com', 'SKUMAR', '011.44.1343.329268', '2000-04-21', 'SA_REP', 6100, 0.10, 148, 80),
(174, 'Ellen', 'Abel', 'E.Abel@email.com', 'EABEL', '011.44.1644.429267', '1996-05-11', 'SA_REP', 11000, 0.30, 149, 80),
(175, 'Alyssa', 'Hutton', 'A.Hutton@email.com', 'AHUTTON', '011.44.1644.429266', '1997-03-19', 'SA_REP', 8800, 0.25, 149, 80),
(176, 'Jonathon', 'Taylor', 'J.Taylor@email.com', 'JTAYLOR', '011.44.1644.429265', '1998-03-24', 'SA_REP', 8600, 0.20, 149, 80),
(177, 'Jack', 'Livingston', 'J.Livingston@email.com', 'JLIVINGS', '011.44.1644.429264', '1998-04-23', 'SA_REP', 8400, 0.20, 149, 80),
(178, 'Kimberely', 'Grant', 'K.Grant@email.com', 'KGRANT', '011.44.1644.429263', '1999-05-24', 'SA_REP', 7000, 0.15, 149, NULL),
(179, 'Charles', 'Johnson', 'C.Johnson@email.com', 'CJOHNSON', '011.44.1644.429262', '2000-01-04', 'SA_REP', 6200, 0.10, 149, 80),
(180, 'Winston', 'Taylor', 'W.Taylor@email.com', 'WTAYLOR', '650.507.9876', '1998-01-24', 'SH_CLERK', 3200, NULL, 120, 50),
(181, 'Jean', 'Fleaur', 'J.Fleaur@email.com', 'JFLEAUR', '650.507.9877', '1998-02-23', 'SH_CLERK', 3100, NULL, 120, 50),
(182, 'Martha', 'Sullivan', 'M.Sullivan@email.com', 'MSULLIVA', '650.507.9878', '1999-06-21', 'SH_CLERK', 2500, NULL, 120, 50),
(183, 'Girard', 'Geoni', 'G.Geoni@email.com', 'GGEONI', '650.507.9879', '2000-02-03', 'SH_CLERK', 2800, NULL, 120, 50),
(184, 'Nandita', 'Sarchand', 'N.Sarchand@email.com', 'NSARCHAN', '650.509.1876', '1996-01-27', 'SH_CLERK', 4200, NULL, 121, 50),
(185, 'Alexis', 'Bull', 'A.Bull@email.com', 'ABULL', '650.509.2876', '1997-02-20', 'SH_CLERK', 4100, NULL, 121, 50),
(186, 'Julia', 'Dellinger', 'J.Dellinger@email.com', 'JDELLING', '650.509.3876', '1998-06-24', 'SH_CLERK', 3400, NULL, 121, 50),
(187, 'Anthony', 'Cabrio', 'A.Cabrio@email.com', 'ACABRIO', '650.509.4876', '1999-02-07', 'SH_CLERK', 3000, NULL, 121, 50),
(188, 'Kelly', 'Chung', 'K.Chung@email.com', 'KCHUNG', '650.505.1876', '1997-06-14', 'SH_CLERK', 3800, NULL, 122, 50),
(189, 'Jennifer', 'Dilly', 'J.Dilly@email.com', 'JDILLY', '650.505.2876', '1997-08-13', 'SH_CLERK', 3600, NULL, 122, 50),
(190, 'Timothy', 'Gates', 'T.Gates@email.com', 'TGATES', '650.505.3876', '1998-07-11', 'SH_CLERK', 2900, NULL, 122, 50),
(191, 'Randall', 'Perkins', 'R.Perkins@email.com', 'RPERKINS', '650.505.4876', '1999-12-19', 'SH_CLERK', 2500, NULL, 122, 50),
(192, 'Sarah', 'Bell', 'S.Bell@email.com', 'SBELL', '650.501.1876', '1996-02-04', 'SH_CLERK', 4000, NULL, 123, 50),
(193, 'Britney', 'Everett', 'B.Everett@email.com', 'BEVERETT', '650.501.2876', '1997-03-03', 'SH_CLERK', 3900, NULL, 123, 50),
(194, 'Samuel', 'McCain', 'S.McCain@email.com', 'SMCCAIN', '650.501.3876', '1998-07-01', 'SH_CLERK', 3200, NULL, 123, 50),
(195, 'Vance', 'Jones', 'V.Jones@email.com', 'VJONES', '650.501.4876', '1999-03-17', 'SH_CLERK', 2800, NULL, 123, 50),
(196, 'Alana', 'Walsh', 'A.Walsh@email.com', 'AWALSH', '650.507.9811', '1998-04-24', 'SH_CLERK', 3100, NULL, 124, 50),
(197, 'Kevin', 'Feeney', 'K.Feeney@email.com', 'KFEENEY', '650.507.9822', '1998-05-23', 'SH_CLERK', 3000, NULL, 124, 50),
(198, 'Donald', 'OConnell', 'D.OConnell@email.com', 'DOCONNEL', '650.507.9833', '1999-06-21', 'SH_CLERK', 2600, NULL, 124, 50),
(199, 'Douglas', 'Grant', 'D.Grant@email.com', 'DGRANT', '650.507.9844', '2000-01-13', 'SH_CLERK', 2600, NULL, 124, 50),
(200, 'Jennifer', 'Whalen', 'J.Whalen@email.com', 'JWHALEN', '515.123.4444', '1987-09-17', 'AD_ASST', 4400, NULL, 101, 10),
(201, 'Michael', 'Hartstein', 'M.Hartstein@email.com', 'MHARTSTE', '515.123.5555', '1996-02-17', 'MK_MAN', 13000, NULL, 100, 20),
(202, 'Pat', 'Fay', 'P.Fay@email.com', 'PFAY', '603.123.6666', '1997-08-17', 'MK_REP', 6000, NULL, 201, 20),
(203, 'Susan', 'Mavris', 'S.Mavris@email.com', 'SMAVRIS', '515.123.7777', '1994-06-07', 'HR_REP', 6500, NULL, 101, 40),
(204, 'Hermann', 'Baer', 'H.Baer@email.com', 'HBAER', '515.123.8888', '1994-06-07', 'PR_REP', 10000, NULL, 101, 70),
(205, 'Shelley', 'Higgins', 'S.Higgins@email.com', 'SHIGGINS', '515.123.8080', '1994-06-07', 'AC_MGR', 12000, NULL, 101, 110),
(206, 'William', 'Gietz', 'W.Gietz@email.com', 'WGIETZ', '515.123.8181', '1994-06-07', 'AC_ACCOUNT', 8300, NULL, 205, 110),
(500, NULL, 'sample', NULL, 'asa', NULL, '2010-04-24', 'AD_VP', 50000, NULL, NULL, 50);

-- --------------------------------------------------------

--
-- Table structure for table `jobs`
--

CREATE TABLE `jobs` (
  `job_id` varchar(10) NOT NULL,
  `job_title` varchar(35) NOT NULL,
  `min_salary` double UNSIGNED DEFAULT NULL,
  `max_salary` decimal(8,0) UNSIGNED DEFAULT NULL
) ENGINE=InnoDB DEFAULT CHARSET=utf8mb4 COLLATE=utf8mb4_general_ci;

--
-- Dumping data for table `jobs`
--

INSERT INTO `jobs` (`job_id`, `job_title`, `min_salary`, `max_salary`) VALUES
('AC_ACCOUNT', 'Public Accountant', 4200, 9000),
('AC_MGR', 'Accounting Manager', 8200, 16000),
('AD_ASST', 'Administration Assistant', 3000, 6000),
('AD_PRES', 'President', 20000, 40000),
('AD_VP', 'Administration Vice President', 15000, 30000),
('FI_ACCOUNT', 'Accountant', 4200, 9000),
('FI_MGR', 'Finance Manager', 8200, 16000),
('HR_REP', 'Human Resources Representative', 4000, 9000),
('IT_PROG', 'Programmer', 4000, 10000),
('MK_MAN', 'Marketing Manager', 9000, 15000),
('MK_REP', 'Marketing Representative', 4000, 9000),
('OF', 'Office of the Finance', 100000, 120000),
('OF1', 'Office of the Finance', 100000, 120000),
('OF2', 'Office of the Finance', 100000, 120000),
('PR_REP', 'Public Relations Representative', 4500, 10500),
('PU_CLERK', 'Purchasing Clerk', 2500, 5500),
('PU_MAN', 'Purchasing Manager', 8000, 15000),
('SA_MAN', 'Sales Manager', 10000, 20000),
('SA_REP', 'Sales Representative', 6000, 12000),
('SH_CLERK', 'Shipping Clerk', 2500, 5500),
('ST_CLERK', 'Stock Clerk', 2000, 5000),
('ST_MAN', 'Stock Manager', 5500, 8500),
('VA', 'Virtual Assistant', 40000, 50000),
('VA1', 'Virtual Assistant', 40000, 50000),
('VA2', 'Virtual Assistant', 40000, 50000);

--
-- Triggers `jobs`
--
DELIMITER $$
CREATE TRIGGER `updatejobs1` BEFORE INSERT ON `jobs` FOR EACH ROW BEGIN

DECLARE row_count INT;
SELECT COUNT(*) INTO row_count FROM totjobs WHERE job_title=NEW.job_title;

IF row_count > 0 THEN
	UPDATE totjobs SET total=total+1
    WHERE job_title=NEW.job_title;
ELSE
	INSERT INTO totjobs(job_title, total)
    VALUES(NEW.job_title,1);
END IF;

END
$$
DELIMITER ;

-- --------------------------------------------------------

--
-- Table structure for table `job_history`
--

CREATE TABLE `job_history` (
  `id` int(11) NOT NULL,
  `employee_id` int(11) UNSIGNED NOT NULL,
  `start_date` date NOT NULL,
  `end_date` date NOT NULL,
  `job_id` varchar(10) NOT NULL,
  `department_id` int(11) UNSIGNED NOT NULL
) ENGINE=InnoDB DEFAULT CHARSET=utf8mb4 COLLATE=utf8mb4_general_ci;

--
-- Dumping data for table `job_history`
--

INSERT INTO `job_history` (`id`, `employee_id`, `start_date`, `end_date`, `job_id`, `department_id`) VALUES
(1, 102, '1993-01-13', '1998-07-24', 'IT_PROG', 60),
(2, 101, '1989-09-21', '1993-10-27', 'AC_ACCOUNT', 110),
(3, 103, '1993-10-28', '1997-03-15', 'AC_MGR', 110),
(4, 201, '1996-02-17', '1999-12-19', 'MK_REP', 20),
(5, 114, '1998-03-24', '1999-12-31', 'ST_CLERK', 50),
(6, 122, '1999-01-01', '1999-12-31', 'ST_CLERK', 50),
(7, 200, '1987-09-17', '1993-06-17', 'AD_ASST', 90),
(8, 176, '1998-03-24', '1998-12-31', 'SA_REP', 80),
(9, 176, '1999-01-01', '1999-12-31', 'SA_MAN', 80),
(10, 200, '1994-07-01', '1998-12-31', 'AC_ACCOUNT', 90);

-- --------------------------------------------------------

--
-- Table structure for table `locations`
--

CREATE TABLE `locations` (
  `location_id` int(11) UNSIGNED NOT NULL,
  `street_address` varchar(40) DEFAULT NULL,
  `postal_code` varchar(12) DEFAULT NULL,
  `city` varchar(30) NOT NULL,
  `state_province` varchar(25) DEFAULT NULL,
  `country_id` char(2) NOT NULL
) ENGINE=InnoDB DEFAULT CHARSET=utf8mb4 COLLATE=utf8mb4_general_ci;

--
-- Dumping data for table `locations`
--

INSERT INTO `locations` (`location_id`, `street_address`, `postal_code`, `city`, `state_province`, `country_id`) VALUES
(1000, '1297 Via Cola di Rie', '00989', 'Roma', NULL, 'IT'),
(1100, '93091 Calle della Testa', '10934', 'Venice', NULL, 'IT'),
(1200, '2017 Shinjuku-ku', '1689', 'Tokyo', 'Tokyo Prefecture', 'JP'),
(1300, '9450 Kamiya-cho', '6823', 'Hiroshima', NULL, 'JP'),
(1400, '2014 Jabberwocky Rd', '26192', 'Southlake', 'Texas', 'US'),
(1500, '2011 Interiors Blvd', '99236', 'South San Francisco', 'California', 'US'),
(1600, '2007 Zagora St', '50090', 'South Brunswick', 'New Jersey', 'US'),
(1800, '147 Spadina Ave', 'M5V 2L7', 'Toronto', 'Ontario', 'CA'),
(1900, '6092 Boxwood St', 'YSW 9T2', 'Whitehorse', 'Yukon', 'CA'),
(2000, '40-5-12 Laogianggen', '190518', 'Beijing', NULL, 'CN'),
(2100, '1298 Vileparle (E)', '490231', 'Bombay', 'Maharashtra', 'IN'),
(2200, '12-98 Victoria Street', '2901', 'Sydney', 'New South Wales', 'AU'),
(2300, '198 Clementi North', '540198', 'Singapore', NULL, 'SG'),
(2400, '8204 Arthur St', NULL, 'London', NULL, 'UK'),
(2500, 'Magdalen Centre, The Oxford Science Park', 'OX9 9ZB', 'Oxford', 'Oxford', 'UK'),
(2600, '9702 Chester Road', '09629850293', 'Stretford', 'Manchester', 'UK'),
(2700, 'Schwanthalerstr. 7031', '80925', 'Munich', 'Bavaria', 'DE'),
(2800, 'Rua Frei Caneca 1360 ', '01307-002', 'Sao Paulo', 'Sao Paulo', 'BR'),
(2900, '20 Rue des Corps-Saints', '1730', 'Geneva', 'Geneve', 'CH'),
(3000, 'Murtenstrasse 921', '3095', 'Bern', 'BE', 'CH'),
(3100, 'Pieter Breughelstraat 837', '3029SK', 'Utrecht', 'Utrecht', 'NL'),
(3200, 'Mariano Escobedo 9991', '11932', 'Mexico City', 'Distrito Federal,', 'MX'),
(7777, '2004 Charade Rd', '98199', 'Seattle', 'Washington', 'US');

-- --------------------------------------------------------

--
-- Table structure for table `regions`
--

CREATE TABLE `regions` (
  `region_id` int(11) UNSIGNED NOT NULL,
  `region_name` varchar(25) DEFAULT NULL
) ENGINE=InnoDB DEFAULT CHARSET=utf8mb4 COLLATE=utf8mb4_general_ci;

--
-- Dumping data for table `regions`
--

INSERT INTO `regions` (`region_id`, `region_name`) VALUES
(1, 'Europe'),
(2, 'Americas'),
(3, 'Asia'),
(4, 'Middle East and Africa');

-- --------------------------------------------------------

--
-- Table structure for table `totjobs`
--

CREATE TABLE `totjobs` (
  `id` int(11) NOT NULL,
  `job_title` varchar(20) NOT NULL,
  `total` int(11) NOT NULL
) ENGINE=InnoDB DEFAULT CHARSET=utf8mb4 COLLATE=utf8mb4_general_ci;

--
-- Dumping data for table `totjobs`
--

INSERT INTO `totjobs` (`id`, `job_title`, `total`) VALUES
(2, 'Virtual Assistant', 2),
(7, 'Office of the Financ', 1);

-- --------------------------------------------------------

--
-- Table structure for table `user_table`
--

CREATE TABLE `user_table` (
  `ID` int(255) NOT NULL,
  `Name` varchar(255) NOT NULL,
  `Email` varchar(255) NOT NULL,
  `Password` varchar(255) NOT NULL
) ENGINE=InnoDB DEFAULT CHARSET=utf8mb4 COLLATE=utf8mb4_general_ci;

--
-- Dumping data for table `user_table`
--

INSERT INTO `user_table` (`ID`, `Name`, `Email`, `Password`) VALUES
(4, 'Lelouch', 'Lelouch@gmail.com', 'lol');

--
-- Triggers `user_table`
--
DELIMITER $$
CREATE TRIGGER `DeleteTrigger` AFTER DELETE ON `user_table` FOR EACH ROW BEGIN

DECLARE description TEXT;
SET description = CONCAT(OLD.name, ' deleted the account. ');
INSERT INTO activitylog(description, date_created, EVENT)
VALUES(description,NOW(), 'DELETE' );

END
$$
DELIMITER ;
DELIMITER $$
CREATE TRIGGER `InsertTrigger` AFTER INSERT ON `user_table` FOR EACH ROW BEGIN

DECLARE description TEXT;
SET description = CONCAT(NEW.name, ' created a new account. ');
INSERT INTO activitylog(description, date_created, EVENT)
VALUES(description,NOW(), 'INSERT' );

END
$$
DELIMITER ;
DELIMITER $$
CREATE TRIGGER `UpdateTrigger` AFTER UPDATE ON `user_table` FOR EACH ROW BEGIN

DECLARE description TEXT;

IF OLD.Name <> NEW.name THEN
SET description = CONCAT(OLD.name, ' Updated the name to ', NEW.name);

ELSEIF OLD.email <> NEW.email THEN
SET description = CONCAT(NEW.name, ' Updated the email from ', OLD.email, ' to ', NEW.email);

ELSEIF OLD.password <> NEW.password THEN
SET description = CONCAT(NEW.name, ' Updated the password from ', OLD.password, ' to ', NEW.password);
END IF;

INSERT INTO activitylog(description, date_created, EVENT)
VALUES(description,NOW(), 'UPDATE' );

END
$$
DELIMITER ;

--
-- Indexes for dumped tables
--

--
-- Indexes for table `activitylog`
--
ALTER TABLE `activitylog`
  ADD PRIMARY KEY (`id`);

--
-- Indexes for table `countries`
--
ALTER TABLE `countries`
  ADD PRIMARY KEY (`country_id`);

--
-- Indexes for table `departments`
--
ALTER TABLE `departments`
  ADD PRIMARY KEY (`department_id`);

--
-- Indexes for table `employees`
--
ALTER TABLE `employees`
  ADD PRIMARY KEY (`employee_id`);

--
-- Indexes for table `jobs`
--
ALTER TABLE `jobs`
  ADD PRIMARY KEY (`job_id`);

--
-- Indexes for table `job_history`
--
ALTER TABLE `job_history`
  ADD PRIMARY KEY (`id`);

--
-- Indexes for table `locations`
--
ALTER TABLE `locations`
  ADD PRIMARY KEY (`location_id`);

--
-- Indexes for table `regions`
--
ALTER TABLE `regions`
  ADD PRIMARY KEY (`region_id`);

--
-- Indexes for table `totjobs`
--
ALTER TABLE `totjobs`
  ADD PRIMARY KEY (`id`);

--
-- Indexes for table `user_table`
--
ALTER TABLE `user_table`
  ADD PRIMARY KEY (`ID`);

--
-- AUTO_INCREMENT for dumped tables
--

--
-- AUTO_INCREMENT for table `activitylog`
--
ALTER TABLE `activitylog`
  MODIFY `id` int(11) NOT NULL AUTO_INCREMENT, AUTO_INCREMENT=23;

--
-- AUTO_INCREMENT for table `job_history`
--
ALTER TABLE `job_history`
  MODIFY `id` int(11) NOT NULL AUTO_INCREMENT, AUTO_INCREMENT=11;

--
-- AUTO_INCREMENT for table `locations`
--
ALTER TABLE `locations`
  MODIFY `location_id` int(11) UNSIGNED NOT NULL AUTO_INCREMENT, AUTO_INCREMENT=7779;

--
-- AUTO_INCREMENT for table `totjobs`
--
ALTER TABLE `totjobs`
  MODIFY `id` int(11) NOT NULL AUTO_INCREMENT, AUTO_INCREMENT=10;

--
-- AUTO_INCREMENT for table `user_table`
--
ALTER TABLE `user_table`
  MODIFY `ID` int(255) NOT NULL AUTO_INCREMENT, AUTO_INCREMENT=5;
COMMIT;

/*!40101 SET CHARACTER_SET_CLIENT=@OLD_CHARACTER_SET_CLIENT */;
/*!40101 SET CHARACTER_SET_RESULTS=@OLD_CHARACTER_SET_RESULTS */;
/*!40101 SET COLLATION_CONNECTION=@OLD_COLLATION_CONNECTION */;
